"user_id","time","incoming","dest_user_id","dest.phone.hash"
67,2009-05-01 00:08:42,0,,"1931424644"
48,2009-05-01 00:10:47,1,,"3151901641"
67,2009-05-01 00:18:46,1,,"114747863"
67,2009-05-01 00:32:30,1,,"1931424644"
67,2009-05-01 01:14:13,0,,"1931424644"
67,2009-05-01 01:14:13,0,,"19314241"
67,2009-05-01 01:14:13,0,,"2764449142464"
67,2009-05-01 01:14:59,0,,"114747863"
48,2009-05-01 01:25:46,1,,"134811818"
48,2009-05-01 02:25:46,1,,"134811818"
67,2009-05-01 03:17:20,0,,"1931424644"
61,2009-05-01 03:18:50,1,1,"3502965008"
61,2009-05-01 03:21:23,1,1,"3502965008"
61,2009-05-01 06:18:50,1,1,"3502965008"
61,2009-05-01 06:19:35,0,1,"3502965008"
61,2009-05-01 06:21:23,1,1,"3502965008"
60,2009-05-01 07:14:25,1,,"2119815477"
60,2009-05-01 08:25:07,1,,"2119815477"
61,2009-05-01 08:49:01,1,1,"3502965008"
61,2009-05-01 08:49:04,1,1,"3502965008"
67,2009-05-01 09:03:36,1,,"177622"
61,2009-05-01 09:04:50,1,1,"3502965008"
67,2009-05-01 09:11:58,1,,"1931424644"
1,2009-05-01 09:18:49,0,61,"3480933661"
1,2009-05-01 09:19:35,1,61,"3480933661"
61,2009-05-01 09:19:35,0,1,"3502965008"
1,2009-05-01 09:21:22,0,61,"3480933661"
60,2009-05-01 09:24:14,0,,"2119815477"
60,2009-05-01 09:24:14,0,,"1833226434"
56,2009-05-01 09:47:07,1,,"29589574"
67,2009-05-01 09:48:50,0,,"1931424644"
60,2009-05-01 10:08:04,1,,"2021247647"
48,2009-05-01 11:17:12,0,,"134811818"
48,2009-05-01 11:17:12,0,,"134811818"
4,2009-05-01 11:37:23,1,,"3074189198"
4,2009-05-01 11:39:36,0,,"3074189198"
48,2009-05-01 11:45:44,1,,"134811818"
4,2009-05-01 11:48:19,1,,"3074189198"
61,2009-05-01 11:49:01,1,1,"3502965008"
61,2009-05-01 11:49:04,1,1,"3502965008"
4,2009-05-01 11:50:02,0,,"3074189198"
61,2009-05-01 12:04:50,1,1,"3502965008"
60,2009-05-01 12:09:00,0,,"2021247647"
61,2009-05-01 12:16:09,1,,"177622"
4,2009-05-01 12:37:23,1,,"3074189198"
37,2009-05-01 12:38:51,1,,"310384803"
37,2009-05-01 12:38:58,1,,"2054900680"
4,2009-05-01 12:39:36,0,,"3074189198"
4,2009-05-01 12:48:19,1,,"3074189198"
4,2009-05-01 12:50:02,0,,"3074189198"
48,2009-05-01 13:17:12,0,,"134811818"
56,2009-05-01 13:30:36,1,,"3524061235"
56,2009-05-01 13:41:57,0,,"3524061235"
56,2009-05-01 13:43:02,1,,"3524061235"
56,2009-05-01 13:43:58,0,,"3524061235"
48,2009-05-01 13:45:44,1,,"134811818"
4,2009-05-01 13:48:50,1,,"3074189198"
4,2009-05-01 13:49:17,0,,"3074189198"
48,2009-05-01 13:58:34,0,,"134811818"
48,2009-05-01 13:59:22,1,,"134811818"
48,2009-05-01 14:17:12,0,,"134811818"
44,2009-05-01 14:39:36,1,,"2627220535"
48,2009-05-01 14:45:44,1,,"134811818"
4,2009-05-01 14:48:50,1,,"3074189198"
1,2009-05-01 14:49:03,0,61,"3480933661"
4,2009-05-01 14:49:17,0,,"3074189198"
4,2009-05-01 14:49:17,0,7,"4271253630"
48,2009-05-01 14:58:34,0,,"134811818"
48,2009-05-01 14:59:22,1,,"134811818"
1,2009-05-01 15:04:48,0,61,"3480933661"
1,2009-05-01 15:04:48,1,61,"3480933661"
61,2009-05-01 15:16:09,1,,"177622"
67,2009-05-01 16:03:44,0,,"534842630"
67,2009-05-01 17:03:06,0,,"3117739292"
67,2009-05-01 17:05:16,1,,"3117739292"
67,2009-05-01 17:06:27,0,,"2809552390"
67,2009-05-01 17:09:52,0,,"3117739292"
67,2009-05-01 17:09:52,1,,"3117739177392"
67,2009-05-01 17:09:52,1,67,"3117739291"
67,2009-05-01 17:09:52,1,67,"3117739291"
48,2009-05-01 17:19:35,0,,"134811818"
48,2009-05-01 17:20:55,1,,"134811818"
48,2009-05-01 17:23:04,0,,"134811818"
48,2009-05-01 17:25:29,1,,"134811818"
48,2009-05-01 17:30:09,0,,"134811818"
48,2009-05-01 17:33:05,1,,"134811818"
48,2009-05-01 17:33:57,0,,"134811818"
48,2009-05-01 17:39:34,1,,"134811818"
48,2009-05-01 18:13:04,0,,"134811818"
48,2009-05-01 18:19:35,0,,"134811818"
48,2009-05-01 18:20:55,1,,"134811818"
48,2009-05-01 18:23:04,0,,"134811818"
48,2009-05-01 18:25:29,1,,"134811818"
60,2009-05-01 18:26:48,1,,"653124128"
48,2009-05-01 18:30:09,0,,"134811818"
48,2009-05-01 18:33:05,1,,"134811818"
48,2009-05-01 18:33:57,0,,"134811818"
48,2009-05-01 18:39:34,1,,"134811818"
48,2009-05-01 18:41:19,0,,"134811818"
48,2009-05-01 18:41:58,1,,"134811818"
67,2009-05-01 18:59:14,1,,"2809552390"
57,2009-05-01 19:03:54,1,,"675831353"
48,2009-05-01 19:13:04,0,,"134811818"
60,2009-05-01 19:20:13,0,,"653124128"
57,2009-05-01 19:21:16,1,,"675833498"
48,2009-05-01 19:41:19,0,,"134811818"
48,2009-05-01 19:41:58,1,,"134811818"
37,2009-05-01 20:03:29,0,,"2488940794"
37,2009-05-01 21:12:52,1,,"2488940794"
57,2009-05-01 21:18:48,1,,"675831353"
57,2009-05-01 21:18:52,1,,"675833498"
57,2009-05-01 21:25:16,1,,"675831353"
57,2009-05-01 21:40:31,1,,"675833498"
57,2009-05-01 22:17:44,0,,"675833498"
57,2009-05-01 22:17:46,0,,"675831353"
48,2009-05-01 22:29:30,1,,"134811818"
48,2009-05-01 22:35:48,1,,"134811818"
57,2009-05-01 22:39:39,0,,"675831353"
57,2009-05-01 22:39:53,0,,"675833498"
48,2009-05-01 22:45:43,1,48,"3427818738"
60,2009-05-01 22:46:30,0,,"653124128"
60,2009-05-01 22:46:30,0,,"1833226434"
60,2009-05-01 22:46:30,1,,"1440070722"
60,2009-05-01 22:46:30,1,,"859514503"
60,2009-05-01 22:46:30,0,,"4188456896"
48,2009-05-01 22:47:05,1,,"134811818"
57,2009-05-01 22:54:09,0,,"675833498"
48,2009-05-01 22:56:41,1,,"134811818"
29,2009-05-02 01:03:11,1,,"341185056"
29,2009-05-02 01:05:31,1,,"341185056"
61,2009-05-02 05:02:19,1,1,"3502965008"
61,2009-05-02 08:02:19,1,1,"3502965008"
1,2009-05-02 11:02:18,0,61,"3480933661"
57,2009-05-02 11:46:02,1,,"225368882"
57,2009-05-02 11:57:23,0,,"225368882"
57,2009-05-02 12:46:39,0,,"225368882"
61,2009-05-02 13:08:14,1,1,"3502965008"
1,2009-05-02 13:28:42,1,,"2088292949"
1,2009-05-02 16:04:35,0,,"858735305"
1,2009-05-02 16:05:38,1,,"858735305"
1,2009-05-02 16:07:06,0,,"858735305"
61,2009-05-02 16:08:14,1,1,"3502965008"
61,2009-05-02 16:09:58,0,1,"3502965008"
72,2009-05-02 16:24:22,1,,"285248290"
56,2009-05-02 16:25:23,0,,"3524061235"
56,2009-05-02 17:28:41,1,,"3524061235"
56,2009-05-02 17:29:25,0,,"3524061235"
56,2009-05-02 17:30:08,1,,"3524061235"
56,2009-05-02 17:32:43,1,,"3524061235"
56,2009-05-02 17:39:38,0,,"3524061235"
56,2009-05-02 17:39:38,0,,"2555387127"
56,2009-05-02 17:39:38,1,,"3387685588"
56,2009-05-02 17:39:38,1,,"4258925294"
56,2009-05-02 17:39:38,0,,"3524061235"
56,2009-05-02 17:41:18,1,,"3524061235"
15,2009-05-02 18:00:41,1,,"22509951"
1,2009-05-02 19:08:14,0,61,"3480933661"
1,2009-05-02 19:09:58,1,61,"3480933661"
61,2009-05-02 19:09:58,0,1,"3502965008"
61,2009-05-02 19:09:58,0,,"640239777"
61,2009-05-02 19:09:58,0,1,"3502965008"
58,2009-05-02 19:45:45,1,,"2663449087"
57,2009-05-02 20:00:04,1,,"2961305363"
57,2009-05-02 20:02:30,1,,"2961305363"
57,2009-05-02 20:04:39,1,,"2961305363"
57,2009-05-02 20:04:39,1,,"2923305363"
57,2009-05-02 21:00:51,0,,"2961305363"
57,2009-05-02 21:03:16,0,,"2961305363"
57,2009-05-02 21:05:30,0,,"2961305363"
58,2009-05-02 22:52:27,1,24,"1873398567"
58,2009-05-02 22:58:05,1,24,"1873398567"
57,2009-05-02 23:43:31,1,,"2923423544"
57,2009-05-02 23:47:19,1,,"2923423544"
57,2009-05-02 23:58:15,1,,"2923423544"
57,2009-05-03 00:07:11,1,,"2923423544"
57,2009-05-03 00:07:50,1,,"2923423544"
57,2009-05-03 00:07:50,1,,"2961305364235"
57,2009-05-03 00:07:50,1,,"2884325110"
57,2009-05-03 00:07:50,1,,"4100035701"
57,2009-05-03 00:07:50,1,,"6758334982354"
57,2009-05-03 00:46:07,0,,"2923423544"
57,2009-05-03 00:49:03,0,,"2923423544"
57,2009-05-03 01:04:12,0,,"2923423544"
57,2009-05-03 01:10:49,0,,"2923423544"
61,2009-05-03 05:19:52,1,1,"3502965008"
61,2009-05-03 08:19:52,1,1,"3502965008"
1,2009-05-03 11:19:52,0,61,"3480933661"
1,2009-05-03 12:36:30,1,,"1613370732"
1,2009-05-03 13:27:22,1,,"1613370732"
60,2009-05-03 15:46:47,1,,"800141732"
60,2009-05-03 15:47:03,1,,"800141732"
60,2009-05-03 16:46:09,0,,"800141732"
56,2009-05-03 16:54:49,1,,"2555387127"
58,2009-05-03 17:13:02,1,,"742634928"
1,2009-05-03 17:14:47,0,,"1613370732"
60,2009-05-03 17:54:28,0,,"800141732"
60,2009-05-03 17:55:44,0,,"653124128"
60,2009-05-03 19:23:36,1,,"800141732"
35,2009-05-03 19:36:27,1,,"323243563"
1,2009-05-03 20:37:41,0,1,"3502965008"
1,2009-05-03 20:37:42,1,1,"3502965008"
35,2009-05-03 21:20:14,1,,"323243563"
35,2009-05-03 21:20:14,0,,"2733711712"
35,2009-05-03 21:20:14,0,,"323243563"
60,2009-05-03 21:20:22,1,,"800141732"
60,2009-05-03 22:09:46,0,,"800141732"
60,2009-05-04 00:25:55,0,,"800141732"
60,2009-05-04 07:17:02,1,,"1833226434"
44,2009-05-04 07:41:29,1,,"2052673791"
1,2009-05-04 08:39:18,1,,"2088292949"
31,2009-05-04 08:50:34,1,,"2113428259"
60,2009-05-04 09:38:04,0,,"1833226434"
67,2009-05-04 10:02:36,0,,"3033293955"
67,2009-05-04 10:03:19,1,,"3033293955"
67,2009-05-04 10:21:36,0,,"3033293955"
67,2009-05-04 10:55:20,1,,"3033293955"
67,2009-05-04 10:55:20,1,,"3117739292"
67,2009-05-04 10:55:20,0,,"2809552393955"
67,2009-05-04 10:55:20,0,,"336794879"
67,2009-05-04 10:55:20,1,,"2764449276"
67,2009-05-04 10:55:20,1,,"1776223955"
67,2009-05-04 10:55:20,1,,"3193955"
67,2009-05-04 10:55:20,1,,"3117739292"
67,2009-05-04 10:55:20,1,,"3788993615"
67,2009-05-04 10:55:20,1,67,"3117739291"
67,2009-05-04 10:55:20,1,,"3172692455"
67,2009-05-04 10:55:20,1,,"17762293955"
67,2009-05-04 10:55:20,1,67,"3117739291"
67,2009-05-04 10:55:20,1,,"1849150483"
67,2009-05-04 10:55:20,1,,"177622"
21,2009-05-04 10:55:26,1,,"1652429220"
21,2009-05-04 10:56:10,0,,"1652429220"
21,2009-05-04 11:17:25,1,,"1652429220"
21,2009-05-04 11:18:58,0,,"1652429220"
21,2009-05-04 11:20:47,1,,"1652429220"
21,2009-05-04 11:21:33,0,,"1652429220"
21,2009-05-04 11:23:55,1,,"1652429220"
21,2009-05-04 11:24:55,0,,"1652429220"
44,2009-05-04 12:04:28,0,,"2052673791"
67,2009-05-04 12:04:39,1,,"3033293955"
57,2009-05-04 12:14:32,1,,"4016850233"
61,2009-05-04 13:14:42,0,1,"3502965008"
57,2009-05-04 13:15:58,0,,"4016850233"
21,2009-05-04 13:26:37,1,,"1652429220"
67,2009-05-04 13:47:45,0,,"3172692455"
67,2009-05-04 13:48:08,1,,"3172692455"
7,2009-05-04 14:25:26,1,,"3021557838"
4,2009-05-04 14:36:47,0,,"117911181"
4,2009-05-04 14:37:08,0,9,"2640946384"
57,2009-05-04 14:46:17,1,,"675831353"
7,2009-05-04 14:54:46,0,,"3021557838"
7,2009-05-04 14:55:59,1,,"3021557838"
7,2009-05-04 14:56:39,0,,"3021557838"
7,2009-05-04 14:58:58,1,,"3021557838"
21,2009-05-04 15:01:43,0,,"1652429220"
21,2009-05-04 15:02:14,1,,"1652429220"
21,2009-05-04 15:11:43,0,,"1652429220"
21,2009-05-04 15:13:33,1,,"1652429220"
21,2009-05-04 15:15:12,0,,"1652429220"
30,2009-05-04 15:15:15,1,,"3229539763"
21,2009-05-04 15:16:35,0,,"1652429220"
21,2009-05-04 15:17:05,1,,"1652429220"
21,2009-05-04 15:17:59,1,,"1652429220"
21,2009-05-04 15:20:04,0,,"1652429220"
21,2009-05-04 15:20:40,1,,"1652429220"
21,2009-05-04 15:21:04,1,,"1652429220"
21,2009-05-04 15:22:25,0,,"1652429220"
21,2009-05-04 15:23:06,1,,"1652429220"
21,2009-05-04 15:24:02,0,,"1652429220"
21,2009-05-04 15:26:16,1,,"1652429220"
21,2009-05-04 15:26:46,0,,"1652429220"
31,2009-05-04 15:34:47,1,,"477840868"
37,2009-05-04 15:35:39,0,,"2488940794"
4,2009-05-04 15:36:47,0,,"117911181"
4,2009-05-04 15:37:08,0,9,"2640946384"
61,2009-05-04 16:13:16,1,,"177622"
1,2009-05-04 16:14:41,1,61,"3480933661"
61,2009-05-04 16:14:42,0,1,"3502965008"
61,2009-05-04 16:14:42,0,,"640239777"
61,2009-05-04 16:14:42,0,,"3499493196"
61,2009-05-04 16:16:07,1,,"177622"
37,2009-05-04 16:39:01,1,,"2488940794"
61,2009-05-04 19:13:16,1,,"177622"
61,2009-05-04 19:15:04,0,,"177622"
61,2009-05-04 19:16:07,1,,"177622"
61,2009-05-04 19:17:03,0,,"177622"
27,2009-05-04 20:19:21,0,,"35601307"
31,2009-05-04 20:22:50,1,,"477840868"
31,2009-05-04 20:24:45,1,,"477840868"
31,2009-05-04 20:29:27,0,,"477840868"
31,2009-05-04 20:29:27,1,,"3648514696"
31,2009-05-04 20:31:30,0,,"477840868"
31,2009-05-04 20:34:13,0,,"477840868"
31,2009-05-04 20:37:34,1,,"477840868"
61,2009-05-04 22:15:04,0,,"177622"
61,2009-05-04 22:17:03,0,,"177622"
1,2009-05-04 23:03:10,0,1,"3502965008"
1,2009-05-04 23:03:11,1,1,"3502965008"
67,2009-05-04 23:42:48,0,,"1931424644"
61,2009-05-05 05:51:11,1,,"3499493196"
61,2009-05-05 06:03:02,1,,"3499493196"
1,2009-05-05 08:41:31,0,,"858735305"
1,2009-05-05 08:48:49,1,,"858735305"
61,2009-05-05 08:51:11,1,,"3499493196"
61,2009-05-05 08:57:02,0,,"3499493196"
1,2009-05-05 09:01:35,0,,"858735305"
61,2009-05-05 09:03:02,1,,"3499493196"
1,2009-05-05 09:26:31,1,,"858735305"
58,2009-05-05 09:54:58,1,24,"1873398567"
1,2009-05-05 10:08:59,0,,"858735305"
1,2009-05-05 10:15:34,1,,"858735305"
61,2009-05-05 11:57:02,0,,"3499493196"
67,2009-05-05 12:06:00,0,,"3117739292"
67,2009-05-05 12:07:12,1,,"3117739292"
21,2009-05-05 13:32:34,1,31,"478048602"
31,2009-05-05 13:40:02,0,21,"478371941"
57,2009-05-05 14:23:02,1,,"2961305363"
57,2009-05-05 14:25:40,1,,"2961305363"
57,2009-05-05 14:29:01,1,,"2961305363"
57,2009-05-05 14:30:25,1,,"2961305363"
57,2009-05-05 14:33:08,1,,"2961305363"
57,2009-05-05 14:34:50,1,,"2961305363"
57,2009-05-05 14:37:42,1,,"2961305363"
57,2009-05-05 14:43:47,1,,"2961305363"
57,2009-05-05 14:58:23,1,,"2961305363"
57,2009-05-05 14:59:32,1,,"2961305363"
57,2009-05-05 15:01:51,1,,"2961305363"
57,2009-05-05 15:03:45,1,,"2961305363"
61,2009-05-05 15:22:02,1,,"2842712472"
57,2009-05-05 15:23:40,0,,"2961305363"
57,2009-05-05 15:26:59,0,,"2961305363"
57,2009-05-05 15:29:37,0,,"2961305363"
57,2009-05-05 15:31:34,0,,"2961305363"
57,2009-05-05 15:33:52,0,,"2961305363"
57,2009-05-05 15:35:27,0,,"2961305363"
57,2009-05-05 15:57:32,0,,"2961305363"
57,2009-05-05 15:59:05,0,,"2961305363"
57,2009-05-05 16:00:14,0,,"2961305363"
57,2009-05-05 16:00:14,0,,"2921305363"
57,2009-05-05 16:00:14,0,,"595077610"
57,2009-05-05 16:00:14,0,,"675833498"
57,2009-05-05 16:02:58,0,,"2961305363"
67,2009-05-05 16:29:08,0,,"3172692455"
58,2009-05-05 16:49:56,1,,"185761854"
58,2009-05-05 17:16:05,1,24,"1873398567"
61,2009-05-05 17:17:27,1,,"2842712472"
61,2009-05-05 18:22:02,1,,"2842712472"
58,2009-05-05 18:27:22,1,24,"1873398567"
61,2009-05-05 19:48:08,0,,"2842712472"
72,2009-05-05 20:08:01,1,,"285248290"
61,2009-05-05 20:17:27,1,,"2842712472"
72,2009-05-05 21:07:15,0,,"285248290"
61,2009-05-05 22:48:08,0,,"2842712472"
31,2009-05-05 23:22:10,0,,"3372196001"
61,2009-05-06 04:36:10,0,1,"3502965008"
1,2009-05-06 05:21:33,0,,"2704234427"
1,2009-05-06 05:23:51,0,,"2465858083"
1,2009-05-06 05:24:50,1,,"2704234427"
1,2009-05-06 07:36:09,1,61,"3480933661"
61,2009-05-06 07:36:10,0,1,"3502965008"
61,2009-05-06 08:47:33,1,,"3456766181"
67,2009-05-06 11:24:36,0,,"3172692455"
67,2009-05-06 11:25:43,0,,"4080519646"
67,2009-05-06 11:25:43,0,,"4080519646"
67,2009-05-06 11:25:43,0,,"4080519646"
67,2009-05-06 11:26:36,1,,"4080519646"
67,2009-05-06 11:27:16,0,,"4080519646"
67,2009-05-06 11:27:16,0,,"1147311773929"
67,2009-05-06 11:27:16,0,,"114747863"
61,2009-05-06 11:40:10,1,,"3499493196"
61,2009-05-06 11:47:33,1,,"3456766181"
21,2009-05-06 12:29:34,0,,"1652429220"
61,2009-05-06 12:34:43,1,,"177622"
57,2009-05-06 12:41:03,1,,"675831353"
21,2009-05-06 13:08:27,1,,"1652429220"
21,2009-05-06 13:11:13,0,,"1652429220"
21,2009-05-06 13:14:25,1,,"1652429220"
21,2009-05-06 13:16:02,0,,"1652429220"
21,2009-05-06 13:16:36,1,,"1652429220"
48,2009-05-06 13:24:58,1,,"134811818"
57,2009-05-06 13:32:21,1,,"675831353"
57,2009-05-06 13:44:00,0,,"675831353"
57,2009-05-06 13:44:00,0,,"4259993470"
57,2009-05-06 13:59:14,1,,"672456612"
48,2009-05-06 14:35:46,1,,"134811818"
57,2009-05-06 14:36:03,0,,"675831353"
61,2009-05-06 14:40:10,1,,"3499493196"
27,2009-05-06 15:18:13,1,,"35601307"
61,2009-05-06 15:34:43,1,,"177622"
67,2009-05-06 19:24:59,0,,"177622"
67,2009-05-06 19:24:59,0,,"4080519646"
67,2009-05-06 19:24:59,0,,"177622"
67,2009-05-06 19:24:59,0,,"177622"
67,2009-05-06 19:25:28,0,,"114747863"
67,2009-05-06 19:26:53,1,,"177622"
67,2009-05-06 19:28:37,0,,"177622"
67,2009-05-06 19:28:37,1,,"177622"
67,2009-05-06 19:29:27,0,,"177622"
67,2009-05-06 19:29:27,0,,"7622"
67,2009-05-06 19:29:27,0,,"2764449276"
67,2009-05-06 19:35:39,1,,"177622"
67,2009-05-06 19:37:09,0,,"177622"
61,2009-05-06 19:45:33,0,1,"3502965008"
37,2009-05-06 20:02:41,0,,"3465196046"
7,2009-05-06 20:31:44,1,,"4257982743"
57,2009-05-06 20:31:48,1,,"675833498"
67,2009-05-06 20:42:18,1,,"114747863"
67,2009-05-06 20:46:08,1,,"114747863"
67,2009-05-06 20:47:31,0,,"114747863"
67,2009-05-06 20:49:10,1,,"114747863"
67,2009-05-06 20:49:36,0,,"114747863"
67,2009-05-06 20:49:58,1,,"114747863"
37,2009-05-06 21:06:43,0,,"3465196046"
7,2009-05-06 21:16:39,0,,"4257982743"
7,2009-05-06 21:23:26,1,,"4257982743"
7,2009-05-06 21:25:01,0,,"4257982743"
1,2009-05-06 22:45:33,1,61,"3480933661"
61,2009-05-06 22:45:33,0,1,"3502965008"
31,2009-05-07 00:10:40,1,,"3372196001"
31,2009-05-07 00:10:47,0,,"3372196001"
31,2009-05-07 00:16:12,0,,"3372196001"
61,2009-05-07 07:28:57,1,,"177622"
61,2009-05-07 07:37:09,1,,"177622"
61,2009-05-07 10:28:57,1,,"177622"
61,2009-05-07 10:35:04,0,,"177622"
61,2009-05-07 10:37:09,1,,"177622"
31,2009-05-07 10:53:00,1,16,"2330000391"
67,2009-05-07 10:54:45,0,,"3172692455"
67,2009-05-07 10:54:45,0,,"37889455"
67,2009-05-07 10:54:45,0,,"1670955106"
67,2009-05-07 10:55:36,1,,"3172692455"
67,2009-05-07 10:56:26,0,,"3172692455"
67,2009-05-07 10:57:12,1,,"3172692455"
67,2009-05-07 10:57:47,0,,"3172692455"
31,2009-05-07 11:56:27,0,16,"2330000391"
31,2009-05-07 12:01:49,0,,"3372196001"
57,2009-05-07 12:36:25,0,,"675833498"
61,2009-05-07 13:35:04,0,,"177622"
60,2009-05-07 13:35:23,1,,"1746778923"
4,2009-05-07 13:44:16,0,,"3074189198"
4,2009-05-07 14:44:16,0,,"3074189198"
60,2009-05-07 15:54:42,1,,"1746778923"
61,2009-05-07 16:25:26,1,1,"3502965008"
60,2009-05-07 16:53:06,0,,"1746778923"
67,2009-05-07 17:56:02,0,,"4080519646"
67,2009-05-07 17:57:40,1,,"4080519646"
57,2009-05-07 18:15:03,1,,"595077610"
61,2009-05-07 18:20:05,0,1,"3502965008"
57,2009-05-07 18:46:19,1,,"595077610"
57,2009-05-07 18:54:36,1,,"595077610"
29,2009-05-07 18:56:52,0,,"341185056"
61,2009-05-07 18:58:02,0,1,"3502965008"
29,2009-05-07 19:03:09,1,,"341185056"
31,2009-05-07 19:04:14,1,,"3372196001"
57,2009-05-07 19:06:14,1,,"675831353"
31,2009-05-07 19:07:20,0,,"3372196001"
57,2009-05-07 19:09:13,1,,"595077610"
61,2009-05-07 19:25:26,1,1,"3502965008"
57,2009-05-07 19:41:42,0,,"595077610"
61,2009-05-07 19:43:17,0,1,"3502965008"
57,2009-05-07 19:48:58,0,,"595077610"
60,2009-05-07 19:59:24,1,,"3229539763"
57,2009-05-07 20:07:50,0,,"595077610"
57,2009-05-07 20:08:21,0,,"675831353"
67,2009-05-07 20:47:25,0,,"4080519646"
60,2009-05-07 20:58:01,0,,"3229539763"
1,2009-05-07 21:20:04,1,61,"3480933661"
61,2009-05-07 21:20:05,0,1,"3502965008"
1,2009-05-07 21:58:02,1,61,"3480933661"
61,2009-05-07 21:58:02,0,1,"3502965008"
62,2009-05-07 21:58:25,0,,"2883463135"
1,2009-05-07 22:25:25,0,61,"3480933661"
1,2009-05-07 22:43:16,1,61,"3480933661"
61,2009-05-07 22:43:17,0,1,"3502965008"
44,2009-05-08 01:34:02,0,,"4264459461"
60,2009-05-08 07:22:25,1,,"2119815477"
61,2009-05-08 07:46:51,1,,"2842712472"
67,2009-05-08 09:03:42,1,,"177622"
60,2009-05-08 09:07:34,0,,"2119815477"
57,2009-05-08 10:01:33,1,,"4016850233"
57,2009-05-08 10:03:48,1,,"4016850233"
61,2009-05-08 10:46:51,1,,"2842712472"
57,2009-05-08 11:02:31,0,,"4016850233"
61,2009-05-08 11:25:45,1,,"3921023352"
60,2009-05-08 11:32:18,1,,"800141732"
60,2009-05-08 11:36:27,1,,"800141732"
60,2009-05-08 11:36:27,1,,"859514503"
60,2009-05-08 11:36:27,1,60,"897387812"
60,2009-05-08 11:36:27,0,60,"897387812"
61,2009-05-08 11:51:30,1,1,"3502965008"
61,2009-05-08 12:15:34,1,,"3921023352"
60,2009-05-08 12:31:35,0,,"800141732"
60,2009-05-08 12:35:45,0,,"800141732"
4,2009-05-08 12:51:17,1,,"3074189198"
62,2009-05-08 13:00:39,0,,"2883463135"
31,2009-05-08 13:02:55,0,,"3372196001"
31,2009-05-08 13:10:53,1,,"3372196001"
7,2009-05-08 13:12:42,1,,"4257982743"
31,2009-05-08 13:13:46,0,,"3372196001"
7,2009-05-08 13:13:48,0,,"4257982743"
31,2009-05-08 13:14:09,1,,"3372196001"
7,2009-05-08 13:15:15,1,,"4257982743"
57,2009-05-08 13:46:42,1,,"595077610"
4,2009-05-08 13:51:17,1,,"3074189198"
57,2009-05-08 13:52:54,1,,"595077610"
31,2009-05-08 14:08:36,0,,"3372196001"
61,2009-05-08 14:20:14,0,,"3921023352"
61,2009-05-08 14:25:45,1,,"3921023352"
67,2009-05-08 14:36:26,0,,"177622"
61,2009-05-08 14:36:44,0,,"3921023352"
61,2009-05-08 14:37:17,0,1,"3502965008"
61,2009-05-08 14:51:30,1,1,"3502965008"
57,2009-05-08 14:51:44,0,,"595077610"
67,2009-05-08 15:13:06,1,,"177622"
67,2009-05-08 15:14:19,0,,"177622"
61,2009-05-08 15:15:34,1,,"3921023352"
60,2009-05-08 16:35:31,0,,"582201743"
67,2009-05-08 17:15:33,0,,"177622"
67,2009-05-08 17:16:03,0,,"177622"
67,2009-05-08 17:18:45,1,,"177622"
67,2009-05-08 17:19:17,1,,"177622"
61,2009-05-08 17:20:14,0,,"3921023352"
67,2009-05-08 17:28:26,0,,"177622"
61,2009-05-08 17:36:44,0,,"3921023352"
1,2009-05-08 17:37:17,1,61,"3480933661"
61,2009-05-08 17:37:17,0,1,"3502965008"
1,2009-05-08 17:51:29,0,61,"3480933661"
37,2009-05-08 18:23:54,1,,"310384803"
57,2009-05-08 19:00:46,1,,"675833498"
37,2009-05-08 19:08:41,0,,"310384803"
37,2009-05-08 19:22:15,1,,"2775336710"
37,2009-05-08 19:37:15,0,,"2775336710"
57,2009-05-08 20:21:23,1,,"1512139474"
37,2009-05-08 21:13:17,1,,"2775336710"
37,2009-05-08 21:19:02,0,,"2775336710"
49,2009-05-08 22:01:55,1,,"2134406974"
37,2009-05-08 22:41:18,1,,"2775336710"
37,2009-05-08 22:49:22,0,,"2775336710"
37,2009-05-08 22:50:46,1,,"2775336710"
37,2009-05-08 22:51:19,0,,"3769142982"
37,2009-05-08 22:59:14,1,,"3769142982"
37,2009-05-08 22:59:30,0,,"2775336710"
37,2009-05-08 23:00:50,1,,"2775336710"
62,2009-05-09 10:24:40,1,,"177622"
56,2009-05-09 11:32:02,1,,"390191335"
56,2009-05-09 11:34:38,1,,"2404066942"
56,2009-05-09 11:45:39,0,,"2404066942"
56,2009-05-09 11:49:29,1,,"2404066942"
56,2009-05-09 11:50:56,0,,"2404066942"
56,2009-05-09 11:52:56,1,,"2404066942"
37,2009-05-09 12:25:33,1,,"310384803"
44,2009-05-09 12:38:58,1,,"2627220535"
60,2009-05-09 13:33:44,1,,"800141732"
60,2009-05-09 14:35:18,0,,"800141732"
44,2009-05-09 14:48:33,1,,"2627220535"
56,2009-05-09 15:19:15,1,,"4258925294"
67,2009-05-09 15:34:01,1,,"1670955106"
61,2009-05-09 16:15:29,1,,"177622"
61,2009-05-09 16:15:29,1,,"2842712472"
30,2009-05-09 16:57:46,1,,"3229539763"
58,2009-05-09 17:42:24,1,,"3220549945"
60,2009-05-09 17:48:32,0,,"800141732"
44,2009-05-09 17:50:53,0,,"2627220535"
61,2009-05-09 19:15:29,1,,"177622"
61,2009-05-09 19:18:43,0,,"177622"
30,2009-05-09 19:53:21,0,36,"39166527"
61,2009-05-09 22:18:43,0,,"177622"
62,2009-05-10 03:53:13,0,,"373562811"
61,2009-05-10 09:33:21,1,,"2842712472"
31,2009-05-10 10:02:30,0,,"3372196001"
31,2009-05-10 10:49:45,1,,"3372196001"
67,2009-05-10 11:13:31,0,,"1670955106"
67,2009-05-10 11:13:31,0,,"177622"
60,2009-05-10 11:34:47,1,,"800141732"
61,2009-05-10 12:33:21,1,,"2842712472"
61,2009-05-10 12:43:56,0,,"2842712472"
56,2009-05-10 15:33:27,1,,"2407584451"
61,2009-05-10 15:43:56,0,,"2842712472"
56,2009-05-10 17:28:23,1,,"2404066942"
56,2009-05-10 18:27:28,0,,"2404066942"
67,2009-05-10 18:51:24,1,,"177622"
67,2009-05-10 19:03:19,0,,"177622"
56,2009-05-10 19:41:57,1,,"2404066942"
56,2009-05-10 19:41:57,0,,"1972594169"
56,2009-05-10 19:41:57,1,,"3524061235"
27,2009-05-10 19:49:03,1,,"2965108149"
27,2009-05-10 19:50:39,0,,"2965108149"
27,2009-05-10 19:53:12,1,,"2965108149"
27,2009-05-10 19:54:42,0,,"2965108149"
27,2009-05-10 19:54:42,0,,"296507457813"
27,2009-05-10 19:58:57,1,,"2965108149"
27,2009-05-10 19:59:19,0,,"2965108149"
27,2009-05-10 19:59:19,1,,"562169123"
60,2009-05-10 20:03:03,0,,"3229539763"
56,2009-05-10 21:52:23,1,,"390191335"
56,2009-05-10 21:52:23,1,,"3524061235"
56,2009-05-10 21:52:23,1,,"29589574"
60,2009-05-11 08:19:48,1,,"1833226434"
60,2009-05-11 09:15:25,0,,"1833226434"
60,2009-05-11 11:07:26,0,,"653268835"
60,2009-05-11 11:44:30,1,,"653268835"
67,2009-05-11 12:15:20,0,,"3777162726"
60,2009-05-11 12:22:37,0,,"653268835"
60,2009-05-11 12:56:39,0,,"653268835"
70,2009-05-11 13:54:17,1,,"136611637"
67,2009-05-11 14:09:23,1,,"3777162726"
67,2009-05-11 15:56:26,0,,"3172692455"
67,2009-05-11 15:57:18,0,,"3777162726"
60,2009-05-11 16:06:47,1,,"3465191731"
67,2009-05-11 16:13:27,1,,"3172692455"
67,2009-05-11 16:13:59,1,,"3172692455"
61,2009-05-11 16:15:40,0,1,"3502965008"
61,2009-05-11 16:43:09,1,,"177622"
67,2009-05-11 17:03:32,0,,"3172692455"
67,2009-05-11 17:03:54,0,,"3172692455"
67,2009-05-11 17:09:29,1,,"3172692455"
67,2009-05-11 17:32:34,0,,"3172692455"
67,2009-05-11 17:32:34,0,,"3172692455"
67,2009-05-11 17:32:34,0,,"3172692455"
67,2009-05-11 17:32:34,0,,"3788993615"
7,2009-05-11 18:25:36,1,,"3781500089"
7,2009-05-11 18:25:46,1,,"3021557838"
7,2009-05-11 18:26:06,1,,"4257982743"
1,2009-05-11 19:15:38,1,61,"3480933661"
61,2009-05-11 19:15:40,0,1,"3502965008"
61,2009-05-11 19:43:09,1,,"177622"
58,2009-05-11 21:05:50,1,,"185761854"
37,2009-05-11 21:34:41,0,,"2775336710"
57,2009-05-11 21:37:47,1,,"675831353"
57,2009-05-12 08:56:57,1,,"675831353"
60,2009-05-12 09:54:54,1,,"653268835"
60,2009-05-12 09:55:07,1,,"653268835"
60,2009-05-12 09:56:32,1,,"653268835"
57,2009-05-12 10:50:45,0,,"675831353"
60,2009-05-12 10:52:45,0,,"653268835"
60,2009-05-12 10:53:36,0,,"653268835"
60,2009-05-12 10:56:13,0,,"653268835"
60,2009-05-12 11:00:17,0,,"653268835"
57,2009-05-12 12:12:02,1,,"1512139474"
62,2009-05-12 12:33:46,1,,"2116955624"
67,2009-05-12 13:37:26,0,,"177622"
67,2009-05-12 13:37:26,0,,"177622"
31,2009-05-12 13:44:18,0,,"1690705155"
67,2009-05-12 14:25:12,1,,"177622"
60,2009-05-12 14:49:29,1,,"2119815477"
57,2009-05-12 15:01:52,1,,"750724221"
58,2009-05-12 15:35:21,1,24,"1873398567"
58,2009-05-12 16:02:50,1,24,"1873398567"
67,2009-05-12 16:27:56,0,,"177622"
67,2009-05-12 16:27:56,0,,"3172692451773"
67,2009-05-12 16:27:56,0,,"2764449276"
67,2009-05-12 16:30:50,0,,"1670955106"
67,2009-05-12 16:37:21,1,,"177622"
67,2009-05-12 16:38:49,0,,"177622"
67,2009-05-12 16:38:49,1,,"17739291"
30,2009-05-12 16:41:04,1,,"4272670950"
57,2009-05-12 16:50:17,1,,"750724221"
67,2009-05-12 17:09:28,1,,"177622"
67,2009-05-12 17:09:28,1,67,"3117739291"
67,2009-05-12 17:09:28,1,,"3788993615"
67,2009-05-12 17:09:28,1,,"1849150549"
57,2009-05-12 17:49:22,0,,"750724221"
1,2009-05-12 19:17:12,1,,"579515526"
57,2009-05-12 20:07:46,1,,"2884325110"
57,2009-05-12 20:17:35,1,,"2884325110"
67,2009-05-12 20:51:57,0,,"1931424644"
67,2009-05-12 20:51:57,0,,"177622"
67,2009-05-12 20:51:57,0,,"2764449276"
57,2009-05-12 20:52:20,0,,"675831353"
61,2009-05-12 21:09:16,0,1,"3502965008"
57,2009-05-12 21:10:23,0,,"2884325110"
67,2009-05-12 21:18:32,1,,"1931424644"
67,2009-05-12 21:19:08,0,,"1931424644"
58,2009-05-12 23:29:24,1,24,"1873398567"
1,2009-05-13 00:09:15,1,61,"3480933661"
61,2009-05-13 00:09:16,0,1,"3502965008"
37,2009-05-13 00:32:25,0,,"2511856882"
61,2009-05-13 03:43:13,1,1,"3502965008"
61,2009-05-13 06:43:13,1,1,"3502965008"
44,2009-05-13 06:45:08,1,,"2052673791"
61,2009-05-13 07:20:50,0,1,"3502965008"
61,2009-05-13 08:03:51,1,1,"3502965008"
61,2009-05-13 08:04:00,1,1,"3502965008"
61,2009-05-13 08:06:26,1,1,"3502965008"
61,2009-05-13 08:29:04,0,1,"3502965008"
60,2009-05-13 09:10:59,1,60,"897387812"
60,2009-05-13 09:10:59,1,,"943078505"
60,2009-05-13 09:10:59,1,,"2289405664"
61,2009-05-13 09:26:46,1,,"3499493196"
1,2009-05-13 09:43:12,0,61,"3480933661"
60,2009-05-13 10:02:07,0,,"653124128"
60,2009-05-13 10:02:48,0,,"653124128"
60,2009-05-13 10:11:00,0,60,"897387812"
60,2009-05-13 10:12:55,0,,"653124128"
1,2009-05-13 10:20:50,1,61,"3480933661"
61,2009-05-13 10:20:50,0,1,"3502965008"
61,2009-05-13 11:03:51,1,1,"3502965008"
61,2009-05-13 11:04:00,1,1,"3502965008"
61,2009-05-13 11:04:54,0,1,"3502965008"
61,2009-05-13 11:06:26,1,1,"3502965008"
61,2009-05-13 11:07:02,0,1,"3502965008"
1,2009-05-13 11:29:03,1,61,"3480933661"
61,2009-05-13 11:29:04,0,1,"3502965008"
61,2009-05-13 11:52:00,1,,"2613539784"
61,2009-05-13 12:26:46,1,,"3499493196"
60,2009-05-13 12:50:53,1,,"800141732"
61,2009-05-13 12:56:15,0,,"3499493196"
60,2009-05-13 13:06:07,0,,"800141732"
61,2009-05-13 13:31:13,0,1,"3502965008"
4,2009-05-13 13:34:31,0,9,"2640946384"
1,2009-05-13 14:03:59,0,61,"3480933661"
1,2009-05-13 14:04:53,1,61,"3480933661"
61,2009-05-13 14:04:54,0,1,"3502965008"
1,2009-05-13 14:06:25,0,61,"3480933661"
1,2009-05-13 14:07:02,1,61,"3480933661"
61,2009-05-13 14:07:02,0,1,"3502965008"
60,2009-05-13 14:23:46,0,,"800141732"
21,2009-05-13 14:24:56,1,,"1652429220"
4,2009-05-13 14:34:31,0,9,"2640946384"
61,2009-05-13 14:52:00,1,,"2613539784"
61,2009-05-13 14:53:46,0,,"2613539784"
57,2009-05-13 14:59:19,1,,"675833498"
57,2009-05-13 15:00:09,1,,"675833498"
57,2009-05-13 15:01:47,1,,"675833498"
61,2009-05-13 15:56:15,0,,"3499493196"
61,2009-05-13 15:56:15,0,61,"3480933661"
57,2009-05-13 15:59:48,0,,"675833498"
57,2009-05-13 16:01:27,0,,"675833498"
61,2009-05-13 16:02:49,1,1,"3502965008"
60,2009-05-13 16:07:33,0,,"653268835"
1,2009-05-13 16:31:13,1,61,"3480933661"
61,2009-05-13 16:31:13,0,1,"3502965008"
61,2009-05-13 16:31:14,0,1,"3502965008"
61,2009-05-13 17:11:36,1,,"2842712472"
60,2009-05-13 17:33:08,1,,"1788617071"
61,2009-05-13 17:53:46,0,,"2613539784"
57,2009-05-13 18:11:40,1,,"4259993470"
60,2009-05-13 18:24:57,0,,"1788617071"
57,2009-05-13 18:26:31,1,,"4259993470"
61,2009-05-13 19:02:49,1,1,"3502965008"
1,2009-05-13 19:31:14,1,61,"3480933661"
61,2009-05-13 19:31:14,0,1,"3502965008"
61,2009-05-13 20:08:45,0,,"177622"
61,2009-05-13 20:11:36,1,,"2842712472"
61,2009-05-13 20:43:27,0,,"2842712472"
72,2009-05-13 20:44:22,0,,"2119395776"
61,2009-05-13 20:58:49,1,,"1372362355"
60,2009-05-13 21:12:47,0,,"2119395776"
58,2009-05-13 21:43:56,1,,"3231186199"
58,2009-05-13 21:44:48,1,,"3231186199"
1,2009-05-13 22:02:48,0,61,"3480933661"
61,2009-05-13 22:03:30,0,1,"3502965008"
61,2009-05-13 23:08:45,0,,"177622"
57,2009-05-13 23:21:07,0,,"4259993470"
61,2009-05-13 23:43:27,0,,"2842712472"
61,2009-05-13 23:43:27,0,,"177622"
61,2009-05-13 23:43:27,0,,"342842712472"
1,2009-05-14 01:03:30,1,61,"3480933661"
61,2009-05-14 01:03:30,0,1,"3502965008"
61,2009-05-14 01:03:30,1,1,"3502965008"
57,2009-05-14 09:39:14,1,,"675833498"
57,2009-05-14 10:31:23,0,,"675833498"
76,2009-05-14 11:40:45,1,,"382490921"
21,2009-05-14 11:40:49,1,,"44277553"
21,2009-05-14 11:43:26,0,,"44277553"
44,2009-05-14 11:46:27,1,,"282372740"
21,2009-05-14 12:04:13,1,,"44277553"
21,2009-05-14 12:08:52,0,,"44277553"
61,2009-05-14 13:27:07,1,,"2842712472"
61,2009-05-14 15:08:06,1,,"3921023352"
4,2009-05-14 16:16:59,0,7,"4271253630"
61,2009-05-14 16:27:07,1,,"2842712472"
4,2009-05-14 17:16:59,0,7,"4271253630"
7,2009-05-14 17:17:37,1,4,"3708966819"
7,2009-05-14 17:17:57,1,4,"3708966819"
60,2009-05-14 17:18:41,1,,"3534834632"
58,2009-05-14 17:30:14,1,24,"1873398567"
61,2009-05-14 17:50:25,0,,"2842712472"
61,2009-05-14 17:50:55,0,,"3921023352"
62,2009-05-14 17:53:15,1,,"177622"
61,2009-05-14 18:08:06,1,,"3921023352"
58,2009-05-14 18:26:55,1,,"3231186199"
58,2009-05-14 18:40:38,1,,"3231186199"
37,2009-05-14 19:11:27,1,,"2775336710"
7,2009-05-14 20:06:24,1,,"837975747"
7,2009-05-14 20:07:36,0,,"837975747"
58,2009-05-14 20:32:44,1,,"3533295812"
61,2009-05-14 20:50:25,0,,"2842712472"
61,2009-05-14 20:50:55,0,,"3921023352"
4,2009-05-14 21:27:15,0,7,"4271253630"
44,2009-05-14 21:30:26,0,,"444501305"
21,2009-05-14 21:39:24,0,,"44277553"
21,2009-05-14 21:42:49,1,,"709216316"
21,2009-05-14 21:44:09,0,,"709216316"
57,2009-05-14 22:02:01,1,,"2884325110"
37,2009-05-14 22:03:04,0,,"2775336710"
37,2009-05-14 22:08:21,1,,"2775336710"
37,2009-05-14 22:08:37,1,,"2775336710"
37,2009-05-14 22:08:37,1,,"658619368"
37,2009-05-14 22:08:37,1,,"3769142982"
4,2009-05-14 22:27:15,0,7,"4271253630"
7,2009-05-14 22:27:38,1,4,"3708966819"
37,2009-05-14 22:39:44,1,,"2775336710"
57,2009-05-14 23:00:29,0,,"2884325110"
37,2009-05-14 23:03:51,0,,"2775336710"
57,2009-05-14 23:11:06,1,,"2884325110"
57,2009-05-14 23:13:07,1,,"2884325110"
21,2009-05-14 23:15:34,1,,"709216316"
21,2009-05-14 23:58:05,0,,"709216316"
21,2009-05-15 00:00:40,1,,"709216316"
21,2009-05-15 00:02:30,0,,"709216316"
21,2009-05-15 00:08:05,1,,"709216316"
21,2009-05-15 00:08:27,1,,"709216316"
21,2009-05-15 00:08:55,0,,"709216316"
21,2009-05-15 00:10:41,1,,"709216316"
21,2009-05-15 00:11:21,0,,"709216316"
57,2009-05-15 00:11:54,0,,"2884325110"
21,2009-05-15 00:14:30,0,,"44277553"
21,2009-05-15 00:16:18,1,,"709216316"
21,2009-05-15 00:17:13,1,,"709216316"
21,2009-05-15 00:18:21,0,,"709216316"
21,2009-05-15 00:18:36,1,,"44277553"
21,2009-05-15 00:19:14,0,,"44277553"
21,2009-05-15 00:22:10,1,,"44277553"
21,2009-05-15 00:22:39,0,,"44277553"
21,2009-05-15 00:23:08,1,,"44277553"
21,2009-05-15 00:41:45,1,,"709216316"
21,2009-05-15 00:42:16,0,,"709216316"
21,2009-05-15 00:43:08,1,,"709216316"
61,2009-05-15 03:34:06,1,,"1788509162"
61,2009-05-15 04:25:08,1,,"1788509162"
61,2009-05-15 05:10:22,0,,"1788509162"
61,2009-05-15 05:33:24,1,,"177622"
61,2009-05-15 05:43:59,1,,"177622"
61,2009-05-15 06:34:06,1,,"1788509162"
61,2009-05-15 06:54:42,0,,"1788509162"
61,2009-05-15 07:07:56,1,1,"3502965008"
61,2009-05-15 07:08:00,1,1,"3502965008"
61,2009-05-15 07:25:08,1,,"1788509162"
61,2009-05-15 07:47:08,0,,"1788509162"
61,2009-05-15 07:52:19,1,,"3480932709"
61,2009-05-15 08:10:22,0,,"1788509162"
61,2009-05-15 08:10:22,1,,"1372362355"
61,2009-05-15 08:11:14,1,1,"3502965008"
61,2009-05-15 08:33:24,1,,"177622"
61,2009-05-15 08:40:57,0,,"177622"
61,2009-05-15 08:43:59,1,,"177622"
67,2009-05-15 09:04:03,1,,"177622"
61,2009-05-15 09:18:33,0,,"177622"
61,2009-05-15 09:54:42,0,,"1788509162"
61,2009-05-15 10:07:56,1,1,"3502965008"
61,2009-05-15 10:08:00,1,1,"3502965008"
62,2009-05-15 10:24:49,1,,"177622"
4,2009-05-15 10:45:53,0,9,"2640946384"
4,2009-05-15 10:46:18,0,,"117911181"
61,2009-05-15 10:47:08,0,,"1788509162"
61,2009-05-15 10:50:13,0,1,"3502965008"
61,2009-05-15 10:51:07,0,,"3480932709"
61,2009-05-15 10:52:19,1,,"3480932709"
44,2009-05-15 11:06:15,1,,"286679631"
61,2009-05-15 11:11:14,1,1,"3502965008"
61,2009-05-15 11:40:57,0,,"177622"
61,2009-05-15 11:40:57,1,,"347622"
4,2009-05-15 11:45:53,0,9,"2640946384"
4,2009-05-15 11:46:18,0,,"117911181"
57,2009-05-15 12:18:03,1,,"675831353"
61,2009-05-15 12:18:33,0,,"177622"
57,2009-05-15 12:20:54,1,,"675831353"
57,2009-05-15 12:43:41,1,,"675831353"
67,2009-05-15 12:53:44,1,,"2764449276"
67,2009-05-15 12:57:42,0,,"2764449276"
67,2009-05-15 13:01:04,0,,"2764449276"
67,2009-05-15 13:03:34,0,,"177622"
57,2009-05-15 13:08:39,1,,"4016850233"
57,2009-05-15 13:10:13,1,,"4016850233"
57,2009-05-15 13:11:40,1,,"4016850233"
57,2009-05-15 13:12:56,1,,"4016850233"
67,2009-05-15 13:13:54,1,,"177622"
15,2009-05-15 13:14:13,1,,"4131782371"
67,2009-05-15 13:15:54,0,,"177622"
67,2009-05-15 13:15:54,0,,"3117739292"
57,2009-05-15 13:19:20,0,,"675831353"
57,2009-05-15 13:21:36,0,,"675831353"
60,2009-05-15 13:24:28,1,,"800141732"
67,2009-05-15 13:24:30,1,,"2764449276"
67,2009-05-15 13:30:07,0,,"2764449276"
44,2009-05-15 13:35:35,0,,"286679631"
61,2009-05-15 13:50:13,0,1,"3502965008"
61,2009-05-15 13:51:07,0,,"3480932709"
61,2009-05-15 13:51:07,0,,"3231402085"
57,2009-05-15 14:09:37,0,,"4016850233"
57,2009-05-15 14:12:32,0,,"4016850233"
57,2009-05-15 14:12:32,1,,"1553582353"
56,2009-05-15 15:45:23,0,,"2404066942"
37,2009-05-15 15:52:18,1,,"2775336710"
37,2009-05-15 16:20:34,0,,"2775336710"
37,2009-05-15 16:20:36,0,,"2775336710"
67,2009-05-15 16:23:42,0,,"1670955106"
56,2009-05-15 16:35:47,1,,"2404066942"
67,2009-05-15 16:54:50,0,,"177622"
60,2009-05-15 17:43:50,1,,"3465191731"
30,2009-05-15 17:51:01,0,36,"39166527"
30,2009-05-15 17:51:01,1,,"19075643"
30,2009-05-15 17:51:01,1,,"1468202491"
60,2009-05-15 18:34:12,0,,"3465191731"
67,2009-05-15 18:51:38,1,,"177622"
58,2009-05-15 19:03:41,1,,"4180474955"
31,2009-05-15 19:41:45,1,24,"1873398567"
21,2009-05-15 20:02:03,1,,"44277553"
21,2009-05-15 20:03:15,0,,"44277553"
67,2009-05-15 20:16:29,1,,"114747863"
61,2009-05-15 20:25:12,0,,"640239777"
4,2009-05-15 20:41:29,1,7,"4271253630"
4,2009-05-15 20:50:15,0,7,"4271253630"
4,2009-05-15 20:51:58,1,7,"4271253630"
61,2009-05-15 21:26:32,0,,"4204629820"
4,2009-05-15 21:41:29,1,7,"4271253630"
7,2009-05-15 21:41:34,0,4,"3708966819"
4,2009-05-15 21:50:15,0,7,"4271253630"
7,2009-05-15 21:50:31,1,4,"3708966819"
4,2009-05-15 21:51:58,1,7,"4271253630"
7,2009-05-15 21:52:06,0,4,"3708966819"
61,2009-05-15 23:25:12,0,,"640239777"
61,2009-05-16 00:26:32,0,,"4204629820"
61,2009-05-16 00:42:29,1,,"640239777"
61,2009-05-16 00:42:30,1,,"640239777"
61,2009-05-16 03:42:29,1,,"640239777"
61,2009-05-16 03:42:30,1,,"640239777"
61,2009-05-16 07:21:37,0,,"640239777"
61,2009-05-16 10:21:37,0,,"640239777"
56,2009-05-16 10:44:35,1,,"2404066942"
27,2009-05-16 10:57:30,1,,"107457813"
60,2009-05-16 12:18:10,1,,"2119815477"
56,2009-05-16 12:19:10,0,,"2404066942"
56,2009-05-16 12:22:18,1,,"2404066942"
56,2009-05-16 12:23:26,0,,"2404066942"
56,2009-05-16 12:25:31,1,,"2404066942"
60,2009-05-16 12:40:08,1,,"694673734"
37,2009-05-16 12:48:07,0,,"2775336710"
44,2009-05-16 13:04:26,1,,"2627220535"
60,2009-05-16 13:22:54,1,,"2119815477"
56,2009-05-16 13:25:42,1,,"2404066942"
56,2009-05-16 13:30:14,1,,"2404066942"
56,2009-05-16 13:34:45,0,,"2404066942"
67,2009-05-16 14:07:51,0,,"2764449276"
60,2009-05-16 14:21:24,0,,"2119815477"
27,2009-05-16 14:44:21,0,,"107457813"
27,2009-05-16 14:45:18,1,,"107457813"
27,2009-05-16 14:48:31,0,,"107457813"
27,2009-05-16 14:49:57,1,,"107457813"
27,2009-05-16 14:50:24,0,,"107457813"
58,2009-05-16 15:00:48,1,,"3533295812"
58,2009-05-16 15:00:48,1,,"1670988733"
58,2009-05-16 15:03:04,1,,"3533295812"
58,2009-05-16 15:34:33,1,24,"1873398567"
67,2009-05-16 15:53:32,0,,"3788993615"
67,2009-05-16 15:54:49,1,,"3788993615"
67,2009-05-16 15:57:23,0,,"3788993615"
67,2009-05-16 15:58:12,1,,"3788993615"
67,2009-05-16 16:03:11,0,,"3788993615"
67,2009-05-16 16:03:11,0,,"1147478378899"
67,2009-05-16 16:03:11,1,67,"3117739291"
67,2009-05-16 16:04:14,1,,"3788993615"
67,2009-05-16 16:29:31,0,,"3788993615"
67,2009-05-16 16:30:10,1,,"3788993615"
67,2009-05-16 16:31:30,0,,"3788993615"
67,2009-05-16 16:31:30,0,,"3788993615"
67,2009-05-16 16:44:41,1,,"3788993615"
44,2009-05-16 16:59:27,0,,"2627220535"
67,2009-05-16 17:01:42,0,,"3788993615"
61,2009-05-16 17:43:09,0,,"4061804421"
60,2009-05-16 17:49:08,1,,"4203304490"
60,2009-05-16 18:32:44,0,,"4203304490"
61,2009-05-16 20:43:09,0,,"4061804421"
67,2009-05-16 21:49:44,0,,"3788993615"
67,2009-05-16 21:50:06,1,,"3788993615"
67,2009-05-16 21:50:40,0,,"3788993615"
67,2009-05-16 21:51:31,1,,"3788993615"
67,2009-05-16 21:52:41,0,,"3788993615"
67,2009-05-16 21:52:41,0,,"392117739291"
67,2009-05-16 21:53:53,1,,"3788993615"
67,2009-05-16 21:53:53,1,,"1849150483"
67,2009-05-16 21:55:58,0,,"3788993615"
58,2009-05-16 21:56:30,1,24,"1873398567"
67,2009-05-16 21:58:45,1,,"3788993615"
67,2009-05-16 21:59:41,0,,"3788993615"
67,2009-05-16 21:59:41,0,,"3789291"
67,2009-05-16 21:59:41,0,,"3788993615"
67,2009-05-16 22:02:46,1,,"3788993615"
67,2009-05-16 22:03:47,0,,"3788993615"
67,2009-05-16 22:03:47,0,,"1621420572"
67,2009-05-16 23:08:25,0,,"3033293955"
67,2009-05-16 23:08:25,0,,"3172692453929"
67,2009-05-16 23:08:25,0,,"276444939291"
58,2009-05-17 01:17:06,1,,"185761854"
67,2009-05-17 02:36:04,0,,"3788993615"
37,2009-05-17 02:41:14,1,,"3769142982"
49,2009-05-17 15:05:49,1,,"2705766917"
37,2009-05-17 15:08:04,1,,"3769142982"
37,2009-05-17 15:27:57,0,,"2775336710"
37,2009-05-17 15:56:39,1,,"2775336710"
37,2009-05-17 15:56:50,0,,"2775336710"
57,2009-05-17 16:55:20,1,,"675833498"
56,2009-05-17 16:56:54,0,,"2555387127"
27,2009-05-17 17:00:04,0,,"107457813"
27,2009-05-17 17:07:01,1,,"107457813"
27,2009-05-17 17:07:57,0,,"107457813"
67,2009-05-17 17:31:53,0,,"2764449276"
67,2009-05-17 17:31:53,1,,"2764449277392"
67,2009-05-17 17:31:53,1,67,"3117739291"
67,2009-05-17 17:33:03,1,,"2764449276"
57,2009-05-17 18:00:39,1,,"675833498"
67,2009-05-17 18:06:12,0,,"2764449276"
67,2009-05-17 18:06:12,0,,"177622"
67,2009-05-17 18:07:09,1,,"2764449276"
67,2009-05-17 18:07:55,0,,"2764449276"
67,2009-05-17 18:08:08,0,,"2764449276"
67,2009-05-17 18:08:53,1,,"2764449276"
57,2009-05-17 19:00:04,0,,"675833498"
67,2009-05-17 19:00:11,1,,"3788993615"
58,2009-05-17 19:13:04,1,,"4095012477"
67,2009-05-17 20:06:24,0,,"3788993615"
67,2009-05-17 20:07:57,1,,"3788993615"
67,2009-05-17 20:12:03,0,,"3788993615"
67,2009-05-17 20:13:49,1,,"3788993615"
67,2009-05-17 20:16:59,0,,"3788993615"
67,2009-05-17 20:16:59,0,,"3777162726"
67,2009-05-17 20:23:29,1,,"3788993615"
67,2009-05-17 20:31:00,1,,"3788993615"
67,2009-05-17 20:31:00,1,67,"3117739291"
67,2009-05-17 20:31:00,1,,"177622"
67,2009-05-17 20:31:00,1,67,"3117739291"
67,2009-05-17 20:31:00,1,67,"3117739291"
67,2009-05-17 20:54:50,0,,"3788993615"
67,2009-05-17 21:16:50,1,,"3788993615"
61,2009-05-17 21:48:54,1,,"3480932542"
61,2009-05-17 21:52:34,0,,"3480932542"
67,2009-05-17 22:50:39,1,,"3788993615"
67,2009-05-17 22:54:10,0,,"3788993615"
67,2009-05-17 22:55:35,1,,"3788993615"
67,2009-05-17 23:01:15,0,,"3788993615"
61,2009-05-18 00:48:54,1,,"3480932542"
61,2009-05-18 00:52:34,0,,"3480932542"
61,2009-05-18 07:06:46,1,1,"3502965008"
61,2009-05-18 08:04:11,1,,"3642072583"
60,2009-05-18 08:05:25,1,,"1833226434"
60,2009-05-18 09:08:35,0,,"1833226434"
61,2009-05-18 09:39:40,1,,"3642072583"
61,2009-05-18 09:39:40,1,,"32072583"
60,2009-05-18 09:47:25,1,,"881186733"
61,2009-05-18 09:51:06,0,1,"3502965008"
61,2009-05-18 10:06:46,1,1,"3502965008"
61,2009-05-18 10:06:46,1,,"2842712472"
61,2009-05-18 10:06:46,1,1,"3502965008"
61,2009-05-18 10:06:46,1,,"177622"
61,2009-05-18 10:06:46,0,,"3522445586"
57,2009-05-18 10:07:30,1,,"4259993470"
61,2009-05-18 10:21:01,0,1,"3502965008"
60,2009-05-18 10:46:39,0,,"881186733"
61,2009-05-18 10:51:34,1,,"3642072583"
61,2009-05-18 10:53:43,0,,"3642072583"
57,2009-05-18 11:00:17,1,,"675833498"
61,2009-05-18 11:04:11,1,,"3642072583"
61,2009-05-18 11:05:21,0,,"3642072583"
60,2009-05-18 11:34:47,1,,"653268835"
60,2009-05-18 12:01:02,0,,"653268835"
67,2009-05-18 12:13:07,1,,"3788993615"
67,2009-05-18 12:32:27,0,,"3788993615"
67,2009-05-18 12:33:49,1,,"3788993615"
67,2009-05-18 12:36:07,0,,"3788993615"
61,2009-05-18 12:37:29,0,,"3642072583"
67,2009-05-18 12:37:39,1,,"3788993615"
61,2009-05-18 12:39:40,1,,"3642072583"
61,2009-05-18 12:41:13,0,,"3642072583"
61,2009-05-18 12:51:06,0,1,"3502965008"
67,2009-05-18 13:17:28,0,,"3788993615"
61,2009-05-18 13:21:01,0,1,"3502965008"
61,2009-05-18 13:21:01,0,,"348509162"
67,2009-05-18 13:32:24,1,,"396074"
61,2009-05-18 13:37:43,0,,"3642072583"
67,2009-05-18 13:39:10,1,,"3788993615"
61,2009-05-18 13:51:34,1,,"3642072583"
61,2009-05-18 13:53:43,0,,"3642072583"
67,2009-05-18 13:58:20,0,,"3788993615"
67,2009-05-18 13:58:20,0,,"3788993615"
61,2009-05-18 14:05:21,0,,"3642072583"
67,2009-05-18 14:15:24,1,,"3788993615"
60,2009-05-18 14:23:25,1,,"3229539763"
57,2009-05-18 14:24:33,1,,"4259993470"
57,2009-05-18 14:32:02,1,,"4259993470"
57,2009-05-18 14:41:51,1,,"4259993470"
60,2009-05-18 15:20:15,1,,"4203304490"
57,2009-05-18 15:21:23,1,,"2962456604"
57,2009-05-18 15:21:43,1,,"4259993470"
57,2009-05-18 15:22:36,0,,"4259993470"
57,2009-05-18 15:23:02,0,,"675833498"
57,2009-05-18 15:25:30,0,,"4259993470"
61,2009-05-18 15:37:29,0,,"3642072583"
57,2009-05-18 15:37:54,0,,"4259993470"
61,2009-05-18 15:41:13,0,,"3642072583"
37,2009-05-18 16:11:18,0,,"3465196046"
57,2009-05-18 16:20:25,0,,"4259993470"
57,2009-05-18 16:20:49,0,,"2962456604"
61,2009-05-18 16:23:02,1,,"177622"
37,2009-05-18 16:28:58,1,,"2775336710"
37,2009-05-18 16:31:12,0,,"2775336710"
37,2009-05-18 16:33:12,1,,"2775336710"
37,2009-05-18 16:33:13,0,,"2775336710"
61,2009-05-18 16:37:43,0,,"3642072583"
61,2009-05-18 16:46:43,1,,"177622"
67,2009-05-18 17:43:54,1,,"3788993615"
57,2009-05-18 18:34:52,1,,"675831353"
57,2009-05-18 18:36:50,1,,"675831353"
61,2009-05-18 19:23:02,1,,"177622"
61,2009-05-18 19:33:43,0,,"177622"
57,2009-05-18 19:36:24,0,,"675831353"
57,2009-05-18 19:41:41,0,,"675831353"
61,2009-05-18 19:46:43,1,,"177622"
61,2009-05-18 20:23:48,0,,"177622"
37,2009-05-18 20:53:24,1,,"2775336710"
37,2009-05-18 20:54:00,0,,"2775336710"
37,2009-05-18 20:57:01,1,,"3769142982"
37,2009-05-18 21:03:28,1,,"3769142982"
67,2009-05-18 21:09:56,0,,"177622"
67,2009-05-18 21:29:03,1,,"177622"
67,2009-05-18 21:50:40,0,,"177622"
67,2009-05-18 21:50:40,0,,"177622"
67,2009-05-18 21:51:29,0,,"177622"
61,2009-05-18 22:33:43,0,,"177622"
37,2009-05-18 23:02:12,1,,"3769142982"
61,2009-05-18 23:23:48,0,,"177622"
37,2009-05-19 01:00:45,0,,"3769142982"
37,2009-05-19 01:01:18,1,,"3769142982"
67,2009-05-19 01:36:52,1,,"177622"
67,2009-05-19 01:38:50,0,,"177622"
67,2009-05-19 01:48:21,0,,"177622"
67,2009-05-19 01:49:13,0,,"177622"
67,2009-05-19 01:49:13,0,,"2764449276773"
67,2009-05-19 01:49:13,0,,"184095423"
67,2009-05-19 04:20:08,1,,"177622"
67,2009-05-19 04:21:00,1,,"177622"
61,2009-05-19 05:21:54,0,,"1788509162"
58,2009-05-19 07:25:33,1,,"2702910331"
58,2009-05-19 07:26:55,1,,"2702910331"
67,2009-05-19 07:42:28,0,,"177622"
67,2009-05-19 07:44:08,0,,"177622"
67,2009-05-19 07:45:56,0,,"177622"
67,2009-05-19 07:45:56,0,,"177622"
67,2009-05-19 07:45:56,0,,"2603585501"
67,2009-05-19 07:45:56,0,,"2764449276"
67,2009-05-19 07:45:56,0,,"114747839291"
67,2009-05-19 07:47:03,0,,"177622"
56,2009-05-19 08:00:15,1,,"2404066942"
61,2009-05-19 08:21:54,0,,"1788509162"
61,2009-05-19 08:21:54,1,,"605738015"
61,2009-05-19 08:21:54,1,,"2013322624"
61,2009-05-19 08:21:54,1,,"4060380576"
61,2009-05-19 08:21:54,0,1,"3502965008"
61,2009-05-19 08:21:54,1,,"2842712472"
61,2009-05-19 08:21:54,1,,"603224437"
61,2009-05-19 08:21:54,0,,"348509162"
61,2009-05-19 08:58:21,1,,"177622"
60,2009-05-19 09:28:46,1,,"2289405664"
60,2009-05-19 09:30:53,1,,"2289405664"
37,2009-05-19 10:51:05,1,,"2054900680"
37,2009-05-19 10:57:56,0,,"2054900680"
37,2009-05-19 10:58:34,0,,"2054900680"
37,2009-05-19 10:58:40,1,,"2054900680"
37,2009-05-19 10:59:04,0,,"2054900680"
37,2009-05-19 10:59:33,0,,"2054900680"
37,2009-05-19 10:59:50,0,,"2054900680"
37,2009-05-19 11:00:35,1,,"2054900680"
37,2009-05-19 11:00:35,1,,"2054900680"
37,2009-05-19 11:01:06,1,,"2054900680"
57,2009-05-19 11:19:28,1,,"4100035701"
57,2009-05-19 11:21:07,1,,"4100035701"
57,2009-05-19 11:23:28,1,,"4100035701"
57,2009-05-19 11:26:05,1,,"4100035701"
37,2009-05-19 11:29:26,0,,"2054900680"
57,2009-05-19 11:39:48,1,,"4100035701"
57,2009-05-19 11:44:41,1,,"4100035701"
57,2009-05-19 11:47:23,1,,"4100035701"
57,2009-05-19 11:48:40,1,,"4100035701"
61,2009-05-19 11:49:38,0,1,"3502965008"
57,2009-05-19 11:50:36,1,,"4100035701"
57,2009-05-19 11:56:30,0,,"675833498"
61,2009-05-19 11:58:21,1,,"177622"
61,2009-05-19 11:58:21,1,,"603224437"
57,2009-05-19 12:20:01,0,,"4100035701"
57,2009-05-19 12:22:01,0,,"4100035701"
57,2009-05-19 12:24:27,0,,"4100035701"
57,2009-05-19 12:27:18,0,,"4100035701"
57,2009-05-19 12:41:46,0,,"4100035701"
57,2009-05-19 12:45:55,0,,"4100035701"
57,2009-05-19 12:47:55,0,,"4100035701"
57,2009-05-19 12:49:38,0,,"4100035701"
67,2009-05-19 12:56:58,0,,"2764449276"
67,2009-05-19 12:56:58,0,,"2764449276773"
67,2009-05-19 12:57:46,1,,"2764449276"
67,2009-05-19 12:58:05,1,,"2764449276"
21,2009-05-19 13:05:34,1,,"709216316"
67,2009-05-19 13:07:48,0,,"2764449276"
67,2009-05-19 13:07:48,0,,"114747863"
67,2009-05-19 13:57:33,1,,"2764449276"
37,2009-05-19 14:09:24,0,,"3465196046"
67,2009-05-19 14:13:17,0,,"2764449276"
67,2009-05-19 14:13:17,0,,"3788993615"
67,2009-05-19 14:13:17,0,,"3788993615"
67,2009-05-19 14:13:17,0,,"3788993615"
67,2009-05-19 14:15:43,1,,"2764449276"
61,2009-05-19 14:49:38,0,1,"3502965008"
67,2009-05-19 16:52:53,1,,"3788993615"
67,2009-05-19 17:01:07,0,,"3788993615"
67,2009-05-19 17:02:09,1,,"3788993615"
67,2009-05-19 17:02:37,0,,"177622"
67,2009-05-19 17:02:37,1,67,"3117739291"
67,2009-05-19 17:21:14,1,,"177622"
61,2009-05-19 17:56:04,1,,"177622"
61,2009-05-19 20:56:04,1,,"177622"
61,2009-05-19 21:29:24,0,,"2842712472"
61,2009-05-19 21:29:52,1,,"2842712472"
61,2009-05-19 22:10:45,0,,"2613539784"
31,2009-05-20 00:07:42,1,,"477840868"
61,2009-05-20 00:29:24,0,,"2842712472"
61,2009-05-20 00:29:52,1,,"2842712472"
61,2009-05-20 01:10:45,0,,"2613539784"
61,2009-05-20 04:07:05,1,,"605738015"
61,2009-05-20 07:07:05,1,,"605738015"
61,2009-05-20 07:07:42,1,1,"3502965008"
61,2009-05-20 07:09:01,0,,"605738015"
61,2009-05-20 07:09:14,0,1,"3502965008"
61,2009-05-20 07:32:08,1,,"605738015"
61,2009-05-20 10:07:42,1,1,"3502965008"
61,2009-05-20 10:09:01,0,,"605738015"
61,2009-05-20 10:09:14,0,1,"3502965008"
57,2009-05-20 10:16:02,1,,"2961271805"
67,2009-05-20 10:23:04,1,,"114747863"
61,2009-05-20 10:32:08,1,,"605738015"
61,2009-05-20 11:08:53,1,,"2842712472"
61,2009-05-20 11:19:06,1,,"3289964574"
67,2009-05-20 11:23:52,1,,"3788993615"
67,2009-05-20 11:33:27,0,,"3788993615"
67,2009-05-20 11:34:01,1,,"3788993615"
67,2009-05-20 11:34:11,0,,"2764449276"
67,2009-05-20 11:34:57,1,,"2764449276"
67,2009-05-20 11:35:23,1,,"2764449276"
67,2009-05-20 11:35:51,1,,"2764449276"
31,2009-05-20 11:49:24,1,,"477840868"
61,2009-05-20 11:58:19,0,,"3289964574"
57,2009-05-20 11:58:25,0,,"2961271805"
61,2009-05-20 11:59:30,1,,"3289964574"
61,2009-05-20 12:09:01,0,,"3289964574"
61,2009-05-20 12:09:20,1,,"3289964574"
37,2009-05-20 12:44:41,1,,"2054900680"
61,2009-05-20 12:46:01,0,,"3289964574"
61,2009-05-20 12:46:38,1,,"3289964574"
61,2009-05-20 12:47:30,0,,"3289964574"
61,2009-05-20 12:49:27,1,,"3289964574"
58,2009-05-20 12:56:04,1,,"4095012477"
31,2009-05-20 13:31:15,0,,"477840868"
61,2009-05-20 14:08:53,1,,"2842712472"
61,2009-05-20 14:14:08,1,,"177622"
61,2009-05-20 14:19:06,1,,"3289964574"
31,2009-05-20 14:39:02,1,,"477840868"
31,2009-05-20 14:39:02,1,31,"478048602"
61,2009-05-20 14:58:19,0,,"3289964574"
61,2009-05-20 14:59:30,1,,"3289964574"
61,2009-05-20 15:09:01,0,,"3289964574"
61,2009-05-20 15:09:20,1,,"3289964574"
61,2009-05-20 15:46:01,0,,"3289964574"
61,2009-05-20 15:46:38,1,,"3289964574"
61,2009-05-20 15:47:30,0,,"3289964574"
61,2009-05-20 15:49:27,1,,"3289964574"
61,2009-05-20 17:03:45,0,,"177622"
61,2009-05-20 17:14:08,1,,"177622"
61,2009-05-20 17:14:08,1,61,"3480933661"
61,2009-05-20 17:14:08,1,61,"3480933661"
61,2009-05-20 17:14:15,1,,"177622"
67,2009-05-20 17:27:48,0,,"3788993615"
21,2009-05-20 17:28:20,0,,"709216316"
67,2009-05-20 17:29:35,1,,"3788993615"
61,2009-05-20 17:41:42,0,,"768358063"
61,2009-05-20 17:42:11,1,,"768358063"
61,2009-05-20 17:43:43,0,,"768358063"
67,2009-05-20 17:48:31,0,,"3788993615"
67,2009-05-20 17:50:32,1,,"3788993615"
67,2009-05-20 17:55:52,1,,"177622"
61,2009-05-20 18:18:40,1,,"2842712472"
61,2009-05-20 18:19:29,0,,"2842712472"
61,2009-05-20 20:03:45,0,,"177622"
61,2009-05-20 20:14:15,1,,"177622"
61,2009-05-20 20:35:26,1,,"177622"
61,2009-05-20 20:41:42,0,,"768358063"
61,2009-05-20 20:42:11,1,,"768358063"
61,2009-05-20 20:43:43,0,,"768358063"
67,2009-05-20 21:03:26,1,,"3788993615"
61,2009-05-20 21:07:16,0,,"177622"
61,2009-05-20 21:18:40,1,,"2842712472"
61,2009-05-20 21:19:29,0,,"2842712472"
61,2009-05-20 21:55:13,1,,"177622"
61,2009-05-20 22:29:08,1,,"177622"
61,2009-05-20 22:31:05,0,,"177622"
61,2009-05-20 22:40:51,1,1,"3502965008"
61,2009-05-20 22:40:55,1,1,"3502965008"
61,2009-05-20 23:22:36,1,,"3289964574"
61,2009-05-20 23:35:26,1,,"177622"
61,2009-05-20 23:48:21,1,,"3289964574"
7,2009-05-20 23:48:31,1,,"1184638422"
61,2009-05-20 23:54:42,0,,"3289964574"
61,2009-05-20 23:56:05,1,,"3289964574"
61,2009-05-20 23:56:43,0,,"3289964574"
61,2009-05-20 23:56:43,0,,"2842712472"
61,2009-05-21 00:07:16,0,,"177622"
61,2009-05-21 00:07:16,1,,"3499493196"
61,2009-05-21 00:55:13,1,,"177622"
61,2009-05-21 01:29:08,1,,"177622"
61,2009-05-21 01:31:05,0,,"177622"
61,2009-05-21 01:40:51,1,1,"3502965008"
61,2009-05-21 01:40:55,1,1,"3502965008"
61,2009-05-21 01:40:55,1,,"1788500296500"
61,2009-05-21 01:40:55,1,,"177622"
61,2009-05-21 01:40:55,0,61,"3480933661"
61,2009-05-21 02:22:36,1,,"3289964574"
61,2009-05-21 02:48:21,1,,"3289964574"
61,2009-05-21 02:54:42,0,,"3289964574"
61,2009-05-21 02:56:05,1,,"3289964574"
61,2009-05-21 02:56:43,0,,"3289964574"
61,2009-05-21 02:56:43,1,61,"3480933661"
61,2009-05-21 02:56:43,0,,"3289964574"
4,2009-05-21 04:44:55,0,,"443320889"
4,2009-05-21 05:44:55,0,,"443320889"
67,2009-05-21 08:21:12,1,,"3788993615"
61,2009-05-21 08:51:48,0,1,"3502965008"
61,2009-05-21 10:54:57,1,,"2842712472"
61,2009-05-21 10:55:37,0,,"2842712472"
61,2009-05-21 10:56:24,1,,"2842712472"
61,2009-05-21 10:56:45,1,,"2842712472"
61,2009-05-21 10:59:17,0,,"2842712472"
61,2009-05-21 10:59:47,1,,"2842712472"
61,2009-05-21 11:51:48,0,1,"3502965008"
61,2009-05-21 13:15:08,0,,"2842712472"
61,2009-05-21 13:16:13,1,,"2842712472"
61,2009-05-21 13:16:44,0,,"2842712472"
61,2009-05-21 13:54:57,1,,"2842712472"
61,2009-05-21 13:55:37,0,,"2842712472"
61,2009-05-21 13:56:24,1,,"2842712472"
61,2009-05-21 13:56:45,1,,"2842712472"
61,2009-05-21 13:59:17,0,,"2842712472"
61,2009-05-21 13:59:47,1,,"2842712472"
27,2009-05-21 14:01:45,0,,"107457813"
67,2009-05-21 14:25:44,0,,"3788993615"
67,2009-05-21 14:28:00,1,,"3788993615"
67,2009-05-21 14:28:01,1,,"3788993615"
67,2009-05-21 14:49:53,0,,"3788993615"
67,2009-05-21 14:51:13,1,,"3788993615"
67,2009-05-21 15:34:43,0,,"3788993615"
67,2009-05-21 15:34:43,0,,"2603585501"
67,2009-05-21 15:38:04,1,,"3788993615"
67,2009-05-21 15:41:08,0,,"3788993615"
67,2009-05-21 15:44:06,1,,"3788993615"
67,2009-05-21 15:45:14,0,,"3788993615"
60,2009-05-21 15:56:55,1,,"1788617071"
67,2009-05-21 16:02:55,1,,"3788993615"
67,2009-05-21 16:03:48,0,,"3788993615"
67,2009-05-21 16:04:12,1,,"3788993615"
67,2009-05-21 16:07:09,1,,"3788993615"
67,2009-05-21 16:07:48,0,,"3788993615"
61,2009-05-21 16:15:08,0,,"2842712472"
61,2009-05-21 16:16:13,1,,"2842712472"
61,2009-05-21 16:16:44,0,,"2842712472"
61,2009-05-21 16:37:42,0,1,"3502965008"
61,2009-05-21 16:49:37,1,1,"3502965008"
61,2009-05-21 17:16:51,0,1,"3502965008"
37,2009-05-21 18:11:08,0,,"3465196046"
61,2009-05-21 18:33:57,1,,"2842712472"
67,2009-05-21 19:18:37,1,,"3788993615"
61,2009-05-21 19:37:42,0,1,"3502965008"
61,2009-05-21 19:37:42,0,61,"3480933661"
61,2009-05-21 19:49:37,1,1,"3502965008"
61,2009-05-21 20:16:51,0,1,"3502965008"
67,2009-05-21 20:32:53,1,,"177622"
67,2009-05-21 20:32:54,1,,"177622"
61,2009-05-21 21:00:43,0,,"3642072583"
61,2009-05-21 21:33:57,1,,"2842712472"
61,2009-05-21 22:06:22,0,,"3642072583"
61,2009-05-21 22:08:24,1,,"3642072583"
61,2009-05-21 22:09:00,0,,"3642072583"
61,2009-05-21 22:09:41,1,,"3642072583"
61,2009-05-21 22:10:42,0,,"3642072583"
31,2009-05-21 22:27:53,0,,"3372196001"
37,2009-05-21 23:46:51,1,,"2775336710"
61,2009-05-22 00:00:43,0,,"3642072583"
31,2009-05-22 00:37:17,1,,"3372196001"
31,2009-05-22 01:00:40,0,,"3372196001"
61,2009-05-22 01:03:45,1,,"3642072583"
61,2009-05-22 01:06:22,0,,"3642072583"
37,2009-05-22 01:08:13,0,,"2775336710"
61,2009-05-22 01:08:24,1,,"3642072583"
61,2009-05-22 01:09:00,0,,"3642072583"
61,2009-05-22 01:09:41,1,,"3642072583"
61,2009-05-22 01:10:42,0,,"3642072583"
37,2009-05-22 01:22:17,1,,"2775336710"
61,2009-05-22 03:34:54,0,,"3642072583"
61,2009-05-22 03:47:13,0,,"3642072583"
61,2009-05-22 04:19:32,0,,"3642072583"
61,2009-05-22 04:20:25,1,,"3642072583"
61,2009-05-22 06:04:43,1,,"2842712472"
61,2009-05-22 06:34:54,0,,"3642072583"
61,2009-05-22 06:47:13,0,,"3642072583"
61,2009-05-22 07:19:32,0,,"3642072583"
61,2009-05-22 07:22:00,0,,"3642072583"
67,2009-05-22 09:03:44,1,,"177622"
61,2009-05-22 09:07:24,0,,"2842712472"
61,2009-05-22 09:35:23,0,1,"3502965008"
30,2009-05-22 13:27:29,0,36,"39166527"
27,2009-05-22 13:47:38,1,,"193431992"
30,2009-05-22 14:28:16,1,,"2950291153"
37,2009-05-22 15:19:49,1,,"2775336710"
30,2009-05-22 15:28:15,0,,"1855435224"
27,2009-05-22 19:12:32,1,,"1520519222"
27,2009-05-22 19:13:42,0,,"1520519222"
27,2009-05-22 19:19:34,1,,"1520519222"
27,2009-05-22 19:20:46,0,,"1520519222"
67,2009-05-22 19:44:43,0,,"3788993615"
67,2009-05-22 19:45:44,1,,"3788993615"
67,2009-05-22 19:51:27,0,,"3788993615"
67,2009-05-22 19:53:24,1,,"3788993615"
61,2009-05-22 19:53:53,0,,"2013322624"
60,2009-05-22 20:12:41,1,,"800141732"
72,2009-05-22 21:13:07,0,,"2180255910"
37,2009-05-22 21:52:54,0,,"676932480"
37,2009-05-23 00:29:55,0,,"2511856882"
37,2009-05-23 00:30:26,0,,"1294922281"
37,2009-05-23 00:31:26,1,,"2511856882"
37,2009-05-23 00:31:46,0,,"2511856882"
60,2009-05-23 00:32:38,0,,"653124128"
37,2009-05-23 00:35:23,1,,"1294922281"
60,2009-05-23 09:55:45,1,,"3229539763"
61,2009-05-23 10:24:29,0,1,"3502965008"
61,2009-05-23 10:24:29,1,,"603224437"
61,2009-05-23 10:36:12,1,,"177622"
67,2009-05-23 11:47:31,1,,"114747863"
61,2009-05-23 13:12:45,0,1,"3502965008"
61,2009-05-23 13:34:00,0,,"1257119744"
61,2009-05-23 13:38:11,0,,"177622"
61,2009-05-23 13:50:46,1,1,"3502965008"
61,2009-05-23 13:51:53,1,1,"3502965008"
61,2009-05-23 13:51:53,0,,"2613539784"
61,2009-05-23 13:51:53,0,,"177622"
61,2009-05-23 16:15:06,1,,"3642072583"
37,2009-05-23 16:39:12,1,,"2775336710"
61,2009-05-23 16:50:02,0,1,"3502965008"
37,2009-05-23 17:27:43,0,,"2775336710"
61,2009-05-23 19:14:43,0,,"3642072583"
30,2009-05-23 19:35:08,1,,"705411581"
67,2009-05-23 21:06:45,0,,"114747863"
67,2009-05-23 21:07:27,1,,"114747863"
67,2009-05-23 21:08:05,0,,"3788993615"
61,2009-05-23 21:35:47,1,,"177622"
67,2009-05-23 21:42:29,1,,"3788993615"
67,2009-05-23 22:31:48,1,,"1452027589"
67,2009-05-23 23:14:18,0,,"1452027589"
67,2009-05-23 23:14:18,1,67,"3117739291"
67,2009-05-24 00:07:18,0,,"177622"
67,2009-05-24 00:08:46,0,,"177622"
67,2009-05-24 00:15:18,0,,"2764449276"
67,2009-05-24 00:16:08,1,,"2764449276"
67,2009-05-24 00:16:48,1,,"2764449276"
67,2009-05-24 00:17:24,1,,"2764449276"
67,2009-05-24 00:17:56,1,,"2764449276"
67,2009-05-24 00:18:01,1,,"2764449276"
67,2009-05-24 00:19:39,0,,"2764449276"
67,2009-05-24 00:21:50,1,,"2764449276"
67,2009-05-24 00:21:50,1,,"49276"
67,2009-05-24 00:21:50,0,,"2764449276"
67,2009-05-24 00:21:50,0,67,"3117739291"
67,2009-05-24 00:21:50,1,,"1849150483"
67,2009-05-24 00:21:50,1,,"114747863"
67,2009-05-24 00:21:50,1,,"3149276"
67,2009-05-24 00:21:50,1,,"3788993615"
67,2009-05-24 00:21:50,1,,"177622"
67,2009-05-24 00:21:50,0,,"114747863"
67,2009-05-24 00:21:50,0,,"177622"
67,2009-05-24 00:21:50,0,67,"3117739291"
67,2009-05-24 00:21:50,0,67,"3117739291"
67,2009-05-24 00:21:50,1,,"449276"
67,2009-05-24 00:21:50,0,,"1931424644"
67,2009-05-24 00:21:50,0,,"3172692455"
67,2009-05-24 00:21:50,1,,"349276"
67,2009-05-24 00:21:50,0,,"2764449276"
67,2009-05-24 00:21:50,0,,"2764449276"
67,2009-05-24 00:21:50,0,,"1931424644"
67,2009-05-24 00:21:50,1,,"177622"
67,2009-05-24 00:21:50,1,,"2900553606"
67,2009-05-24 00:21:50,1,,"39276"
67,2009-05-24 00:21:50,1,,"114747863"
67,2009-05-24 00:21:50,1,,"3788993615"
67,2009-05-24 00:21:50,1,,"3777162726"
67,2009-05-24 00:21:50,1,67,"3117739291"
67,2009-05-24 00:21:50,1,,"2764499276"
67,2009-05-24 00:21:50,1,,"317249276"
67,2009-05-24 00:21:50,1,67,"3117739291"
67,2009-05-24 00:25:32,1,,"2764449276"
67,2009-05-24 00:27:24,0,,"2764449276"
67,2009-05-24 00:29:20,1,,"2764449276"
67,2009-05-24 00:32:06,0,,"2764449276"
67,2009-05-24 00:34:52,1,,"2764449276"
61,2009-05-24 00:40:59,0,,"177622"
67,2009-05-24 00:44:41,0,,"177622"
67,2009-05-24 00:47:19,1,,"177622"
67,2009-05-24 00:48:21,0,,"177622"
67,2009-05-24 00:51:32,0,,"114747863"
67,2009-05-24 00:51:48,0,,"1452027589"
67,2009-05-24 00:52:08,1,,"114747863"
67,2009-05-24 00:52:48,0,,"114747863"
67,2009-05-24 00:53:56,1,,"1452027589"
67,2009-05-24 00:55:02,0,,"1452027589"
67,2009-05-24 00:57:56,1,,"177622"
67,2009-05-24 01:01:59,1,,"1452027589"
67,2009-05-24 01:24:46,1,,"3788993615"
60,2009-05-24 06:39:03,1,,"3465191731"
61,2009-05-24 07:59:37,1,1,"3502965008"
37,2009-05-24 11:07:18,1,,"2054900680"
67,2009-05-24 11:37:07,1,,"114747863"
67,2009-05-24 11:37:26,1,,"114747863"
61,2009-05-24 13:47:12,0,,"3642072583"
67,2009-05-24 20:14:53,1,,"114747863"
67,2009-05-24 23:34:58,0,,"114747863"
67,2009-05-24 23:35:57,1,,"114747863"
23,2009-05-25 00:29:05,1,,"871591963"
60,2009-05-25 07:51:55,0,,"1833226434"
61,2009-05-25 13:17:58,1,,"640239777"
30,2009-05-25 14:58:22,1,,"3044350458"
61,2009-05-25 15:49:20,1,,"3642072583"
61,2009-05-25 17:06:13,1,,"177622"
37,2009-05-25 17:11:31,1,,"65265401"
58,2009-05-25 18:03:24,1,,"4095012477"
37,2009-05-25 18:20:01,0,,"65265401"
37,2009-05-25 18:20:56,1,,"65265401"
37,2009-05-25 18:22:27,0,,"65265401"
61,2009-05-25 18:35:36,0,,"640239777"
58,2009-05-25 21:41:43,1,,"1670988733"
58,2009-05-25 21:54:38,1,,"1670988733"
37,2009-05-26 07:29:46,1,,"3769142982"
37,2009-05-26 07:31:02,0,,"3769142982"
37,2009-05-26 09:50:24,0,,"2775336710"
37,2009-05-26 09:50:59,0,,"2775336710"
58,2009-05-26 11:08:15,1,,"1670988733"
37,2009-05-26 12:37:26,0,,"2775336710"
37,2009-05-26 12:44:35,1,,"3769142982"
37,2009-05-26 12:45:36,0,,"3769142982"
37,2009-05-26 12:49:06,0,,"3769142982"
37,2009-05-26 13:01:06,1,,"2054900680"
37,2009-05-26 13:01:19,0,,"2054900680"
37,2009-05-26 13:01:33,0,,"2054900680"
37,2009-05-26 13:01:55,0,,"2054900680"
37,2009-05-26 13:02:21,1,,"2054900680"
37,2009-05-26 13:02:30,0,,"2054900680"
58,2009-05-26 13:16:48,1,24,"1873398567"
49,2009-05-26 15:34:37,1,,"2594397470"
61,2009-05-26 15:52:12,0,1,"3502965008"
67,2009-05-26 16:35:07,0,,"177622"
67,2009-05-26 16:45:51,0,,"2603585501"
67,2009-05-26 16:46:53,1,,"2603585501"
67,2009-05-26 16:47:06,0,,"2603585501"
67,2009-05-26 16:47:06,0,,"177617739291"
67,2009-05-26 16:47:06,0,,"2764449217739"
67,2009-05-26 16:48:31,0,,"2603585501"
67,2009-05-26 16:49:05,1,,"177622"
6,2009-05-26 16:52:45,1,,"3000474914"
67,2009-05-26 16:54:37,0,,"2603585501"
67,2009-05-26 16:55:30,0,,"177622"
67,2009-05-26 16:56:46,0,,"2603585501"
67,2009-05-26 16:58:51,1,,"2603585501"
67,2009-05-26 16:59:20,0,,"2603585501"
6,2009-05-26 17:52:45,1,,"3000474914"
67,2009-05-26 20:22:04,0,,"2764449276"
67,2009-05-26 20:22:44,1,,"2764449276"
67,2009-05-26 20:23:09,1,,"2764449276"
67,2009-05-26 20:23:49,0,,"2764449276"
67,2009-05-26 20:24:22,0,,"3788993615"
67,2009-05-26 20:24:22,1,,"538364686"
67,2009-05-26 20:24:41,1,,"2764449276"
67,2009-05-26 20:26:02,0,,"177622"
67,2009-05-26 20:26:07,1,,"2764449276"
67,2009-05-26 20:27:28,0,,"2764449276"
72,2009-05-26 20:30:03,1,,"285248290"
67,2009-05-26 21:56:01,1,,"3788993615"
37,2009-05-26 23:02:28,0,,"2511856882"
37,2009-05-26 23:18:53,1,,"2511856882"
37,2009-05-26 23:30:08,0,,"2511856882"
37,2009-05-27 00:42:59,1,,"2511856882"
37,2009-05-27 00:43:21,0,,"2511856882"
37,2009-05-27 00:43:21,1,,"1361435264"
58,2009-05-27 09:48:44,1,,"1670988733"
67,2009-05-27 10:05:50,1,,"2764449276"
61,2009-05-27 10:18:27,1,,"177622"
67,2009-05-27 10:29:35,1,,"3788993615"
62,2009-05-27 10:53:06,1,,"177622"
58,2009-05-27 13:22:00,1,,"3539777424"
58,2009-05-27 13:25:15,1,,"3539777424"
58,2009-05-27 13:26:05,1,,"3539777424"
62,2009-05-27 13:49:48,1,,"2116955624"
37,2009-05-27 14:51:14,1,,"2775336710"
58,2009-05-27 15:08:23,1,24,"1873398567"
37,2009-05-27 16:26:03,1,,"2775336710"
61,2009-05-27 17:22:09,1,1,"3502965008"
58,2009-05-27 17:44:41,1,24,"1873398567"
61,2009-05-27 17:45:51,1,1,"3502965008"
58,2009-05-27 17:46:34,1,24,"1873398567"
58,2009-05-27 17:56:24,1,24,"1873398567"
58,2009-05-27 18:32:23,1,24,"1873398567"
58,2009-05-27 18:50:46,1,24,"1873398567"
58,2009-05-27 18:50:46,1,,"3533295812"
58,2009-05-27 18:50:46,1,,"3533295812"
37,2009-05-27 18:54:42,0,,"2775336710"
37,2009-05-27 21:01:58,0,,"658619368"
37,2009-05-27 21:02:56,0,,"658619368"
37,2009-05-27 21:31:59,1,,"658619368"
37,2009-05-27 21:32:29,1,,"658619368"
30,2009-05-27 21:52:57,1,,"1321331014"
67,2009-05-28 02:03:27,1,,"177622"
67,2009-05-28 09:35:39,1,,"177622"
15,2009-05-28 10:25:35,1,,"4131782371"
67,2009-05-28 12:05:30,0,,"3788993615"
67,2009-05-28 12:06:36,1,,"3788993615"
67,2009-05-28 12:06:36,1,,"2764449276"
67,2009-05-28 12:11:13,0,,"3788993615"
67,2009-05-28 12:11:57,1,,"3788993615"
67,2009-05-28 12:32:56,0,,"177622"
67,2009-05-28 12:56:18,1,,"3788993615"
67,2009-05-28 13:22:20,0,,"177622"
61,2009-05-28 14:02:29,1,,"2842712472"
31,2009-05-28 14:15:39,1,,"3065551842"
31,2009-05-28 14:18:58,0,,"3065551842"
58,2009-05-28 15:22:12,1,,"1670988733"
58,2009-05-28 16:27:09,1,24,"1873398567"
58,2009-05-28 17:15:31,1,,"1670988733"
58,2009-05-28 17:18:20,1,,"1670988733"
67,2009-05-28 18:20:39,0,,"2764449276"
60,2009-05-28 19:10:59,0,,"3776872205"
37,2009-05-28 19:53:47,0,,"2775336710"
67,2009-05-28 22:12:57,1,,"2764449276"
67,2009-05-28 23:46:12,1,,"2764449276"
37,2009-05-29 00:30:42,0,,"2511856882"
58,2009-05-29 07:02:14,1,,"185761854"
58,2009-05-29 11:33:18,1,24,"1873398567"
58,2009-05-29 14:28:51,1,,"2663449087"
37,2009-05-29 14:42:32,1,,"2054900680"
37,2009-05-29 14:44:19,1,,"2054900680"
37,2009-05-29 14:44:59,0,,"2054900680"
37,2009-05-29 14:45:45,0,,"2054900680"
37,2009-05-29 14:46:03,1,,"2054900680"
60,2009-05-29 16:56:59,0,,"653268835"
58,2009-05-29 17:12:17,1,24,"1873398567"
58,2009-05-29 17:13:30,1,24,"1873398567"
58,2009-05-29 18:19:56,1,24,"1873398567"
75,2009-05-30 11:36:01,1,,"769398248"
75,2009-05-30 11:36:18,1,,"769398248"
37,2009-05-30 12:24:07,1,,"2775336710"
37,2009-05-30 12:27:50,1,,"2775336710"
61,2009-05-30 13:13:05,0,1,"3502965008"
61,2009-05-30 13:14:14,0,,"3642072583"
61,2009-05-30 13:16:53,1,,"177622"
61,2009-05-30 13:38:19,1,,"2842712472"
67,2009-05-30 17:01:44,1,,"114747863"
61,2009-05-30 17:46:23,0,,"2613539784"
61,2009-05-30 17:46:23,0,1,"3502965008"
37,2009-05-30 19:08:46,0,,"2775336710"
37,2009-05-30 19:08:46,1,,"1361435264"
61,2009-05-30 21:15:06,1,,"2842712472"
61,2009-05-30 21:25:54,1,,"2842712472"
67,2009-05-30 22:59:26,0,,"3788993615"
67,2009-05-30 23:00:36,0,,"2764449276"
67,2009-05-30 23:01:32,1,,"2764449276"
67,2009-05-30 23:02:26,1,,"2764449276"
30,2009-05-30 23:47:08,0,36,"39166527"
61,2009-05-31 00:23:57,0,,"2842712472"
61,2009-05-31 08:04:18,1,,"2842712472"
61,2009-05-31 08:17:57,1,,"2842712472"
60,2009-05-31 11:02:30,1,,"3229539763"
61,2009-05-31 11:13:14,0,,"2842712472"
67,2009-05-31 13:04:01,0,,"177622"
67,2009-05-31 13:14:43,1,,"177622"
37,2009-05-31 13:30:52,1,,"2124720889"
67,2009-05-31 13:42:45,0,,"177622"
60,2009-05-31 13:50:43,1,,"3229539763"
60,2009-05-31 13:52:51,1,,"3229539763"
60,2009-05-31 13:55:36,1,,"3229539763"
60,2009-05-31 14:31:58,0,,"3229539763"
60,2009-05-31 14:51:37,0,,"3229539763"
60,2009-05-31 14:54:52,0,,"3229539763"
60,2009-05-31 16:39:37,1,,"859514503"
60,2009-05-31 17:42:03,0,,"859514503"
61,2009-05-31 17:46:47,1,,"177622"
37,2009-05-31 18:18:23,0,,"2775336710"
37,2009-05-31 18:34:33,1,,"2775336710"
67,2009-05-31 19:07:16,1,,"2900553606"
67,2009-05-31 19:14:38,0,,"2900553606"
30,2009-05-31 21:11:00,0,36,"39166527"